Type,Name,Request Count,Failure Count,Median Response Time,Average Response Time,Min Response Time,Max Response Time,Average Content Size,Requests/s,Failures/s,50%,66%,75%,80%,90%,95%,98%,99%,99.9%,99.99%,100%
GET,/,4205768,33028,410.0,1087.7685856378007,4.724166821688414,34452.35320809297,5958.686661508671,1186.56343842616,9.318111993894863,410,570,690,770,1100,3500,14000,17000,23000,27000,34000
GET,/analyze,32940,32940,0.039027,0.6551471016697032,0.039027,19.753867,34.83925318761384,9.293284760775608,9.293284760775608,0,0,0,0,1,1,9,13,18,20,20
,Aggregated,4238708,65968,410.0,1079.3203706002496,0.039027,34452.35320809297,5912.651045554448,1195.8567231869356,18.611396754670473,410,570,690,770,1100,3400,14000,17000,23000,27000,34000
